Product Name,Price,Image
"Browning AmmunitionBrowning Tungsten TSS 410 Gauge Bore Ammo 3"" 13/16oz. #9",$41.50,https://d3gxe0jmvtuxbc.cloudfront.net/images/Product/medium/110062.jpg
"Aguila AmmunitionAguila Hunting  410 Gauge Ammo 2-1/2"" 1/2 oz 00 Buckshot",$33.99,https://d3gxe0jmvtuxbc.cloudfront.net/images/Product/medium/111677.jpg
"Aguila AmmunitionAguila Target Load 410 Gauge Ammo 2 1/2"" 1/2 oz #8 Shot",$24.99,https://d3gxe0jmvtuxbc.cloudfront.net/images/Product/medium/112213.jpg
"Aguila AmmunitionAguila Target Load 410 Gauge Ammo 2 1/2"" 1/2 oz #9 Shot",$11.99,https://d3gxe0jmvtuxbc.cloudfront.net/images/Product/medium/111614.jpg
"Aguila AmmunitionAguila Target Load 410 Gauge Ammo 2 1/2""1/2 oz #7.5 Shot",$24.99,https://d3gxe0jmvtuxbc.cloudfront.net/images/Product/medium/112214.jpg
American Tactical ImportsATI Target 410 Gauge Ammo 2 ½” #9 Lead,$10.50,https://d3gxe0jmvtuxbc.cloudfront.net/images/Product/medium/77054.jpg
American Tactical ImportsATI Target 410 Gauge Ammo 2 ½” 1/4oz High Pressure Rifled Slug,$10.50,https://d3gxe0jmvtuxbc.cloudfront.net/images/Product/medium/57516.jpg
American Tactical ImportsATI Target 410 Gauge Ammo 2 ½” T+9 Lead Pellet,$10.50,https://d3gxe0jmvtuxbc.cloudfront.net/images/Product/medium/77127.jpg
Brenneke USA AmmunitionBrenneke Close Encounter 410 Bore Ammo 2-1/2”  1/4oz Slug,$7.99,https://d3gxe0jmvtuxbc.cloudfront.net/images/Product/medium/113084.jpg
"Brenneke USA AmmunitionBrenneke USA Magnum 410 Bore Ammo 3"" 1/4 oz Silver Rifled Slug",$7.99,https://d3gxe0jmvtuxbc.cloudfront.net/images/Product/medium/112924.jpg
"Browning AmmunitionBrowning Sporting Clay 410 Gauge Ammo 2-1/2"" #8 Shot 1/2oz 250 Rounds",$113.70,https://d3gxe0jmvtuxbc.cloudfront.net/images/Product/medium/109304.jpg
Federal AmmunitionFederal American Eagle 45 Long Colt/ 410 Gauge Ammo Combo Pack,$49.99,https://d3gxe0jmvtuxbc.cloudfront.net/images/Product/medium/4290.jpg
"Federal AmmunitionFederal Game Load 410 Gauge Ammo 2-1/2"" 1/2 oz. #6 Lead Shot",$22.99,https://d3gxe0jmvtuxbc.cloudfront.net/images/Product/medium/112947.jpg
"Federal AmmunitionFederal Game Load Upland 410 Gauge Ammo 2 1/2"" 1/2oz #7.5 Lead Shot Hi Brass",$18.99,https://d3gxe0jmvtuxbc.cloudfront.net/images/Product/medium/112980.jpg
"Federal AmmunitionFederal Game Load Upland 410 Gauge Ammo 3""11/16oz #7.5 Lead Shot Hi Brass",$22.99,https://d3gxe0jmvtuxbc.cloudfront.net/images/Product/medium/112544.jpg
"Federal AmmunitionFederal Game-Shok 410 Gauge Ammo 3""11/16oz #4 Lead Shot Hi Brass",$28.99,https://d3gxe0jmvtuxbc.cloudfront.net/images/Product/medium/112170.jpg
"Federal AmmunitionFederal Game-Shok 410 Gauge Ammo 3""11/16oz #5 Lead Shot Hi Brass",$19.99,https://d3gxe0jmvtuxbc.cloudfront.net/images/Product/medium/112620.jpg
"Federal AmmunitionFederal Game-Shok 410 Gauge Ammo 3""11/16oz #6 Lead Shot Hi Brass",$28.99,https://d3gxe0jmvtuxbc.cloudfront.net/images/Product/medium/112423.jpg
"Federal AmmunitionFederal Personal Defense 410 Gauge Ammo 2 1/2"" 000 Buckshot 4 Pellets Ammunition",$21.99,https://d3gxe0jmvtuxbc.cloudfront.net/images/Product/medium/3509.jpg
"Federal AmmunitionFederal Personal Defense 410 Gauge Ammo 2 1/2"" 7/16oz. #4 Shot",$18.99,https://d3gxe0jmvtuxbc.cloudfront.net/images/Product/medium/4050.jpg
"Federal AmmunitionFederal Personal Defense 410 Gauge Ammo 3"" #4 Buckshot 9 Pellets Ammunition",$18.99,https://d3gxe0jmvtuxbc.cloudfront.net/images/Product/medium/4307.jpg
"Federal AmmunitionFederal Personal Defense 410 Gauge Ammo 3"" 000 Buckshot 5 Pellets",$15.99,https://d3gxe0jmvtuxbc.cloudfront.net/images/Product/medium/2089.jpg
"Federal AmmunitionFederal Power Shock 410 Bore Ammo 2-1/2"" 1/4 oz. Hollow Point Rifled Slug 250 Round Case",$449.50,https://d3gxe0jmvtuxbc.cloudfront.net/images/Product/medium/113134.jpg
"Federal AmmunitionFederal Premium Personal Defense 410 Gauge 3"" #4 Buckshot 9 Pellets Ammunition",$15.49,https://d3gxe0jmvtuxbc.cloudfront.net/images/Product/medium/2500.jpg
"Federal AmmunitionFederal Top Gun Sporting 410 Bore Ammo 2-1/2"" #7.5 Shot 250 Round Case",$209.99,https://d3gxe0jmvtuxbc.cloudfront.net/images/Product/medium/112466.jpg
"Federal AmmunitionFederal Top Gun Sporting 410 Bore Ammo 2-1/2"" 1/2 oz. #8 Shot 250 Round Case",$179.99,https://d3gxe0jmvtuxbc.cloudfront.net/images/Product/medium/112524.jpg
"Federal AmmunitionFederal Top Gun Sporting 410 Bore Ammo 2-1/2"" 1/2 oz. #9 Shot 250 Round Case",$179.99,https://d3gxe0jmvtuxbc.cloudfront.net/images/Product/medium/112511.jpg
"Fiocchi AmmunitionFiocchi Exacta Target .410 Bore Ammo 2 1/2"" 1/2 oz #9 Shot",$10.99,https://d3gxe0jmvtuxbc.cloudfront.net/images/Product/medium/111382.jpg
"Fiocchi AmmunitionFiocchi Exacta Target .410 Bore Ammo 2.5"" #7.5 Lead",$16.99,https://d3gxe0jmvtuxbc.cloudfront.net/images/Product/medium/108938.jpg
"Fiocchi AmmunitionFiocchi Exacta Target .410 Bore Ammo 2.5"" #8 Lead",$8.99,https://d3gxe0jmvtuxbc.cloudfront.net/images/Product/medium/108740.jpg
"Fiocchi AmmunitionFiocchi Game & Target 410 Gauge Ammo 2-1/2"" 1/2oz. #8 Shot",$13.99,https://d3gxe0jmvtuxbc.cloudfront.net/images/Product/medium/2996.jpg
"Fiocchi AmmunitionFiocchi Game & Target 410 Gauge Ammo 2-1/2"" 1/2oz. #9 Shot",$7.99,https://d3gxe0jmvtuxbc.cloudfront.net/images/Product/medium/2997.jpg
"Fiocchi AmmunitionFiocchi High Velocity 410 Gauge Bore Ammo 3"" 11/16 oz #6 Shot",$16.99,https://d3gxe0jmvtuxbc.cloudfront.net/images/Product/medium/111633.jpg
"Fiocchi AmmunitionFiocchi High Velocity 410 Gauge Bore Ammo 3"" 11/16 oz #7-1/2 Shot",$16.99,https://d3gxe0jmvtuxbc.cloudfront.net/images/Product/medium/111632.jpg
"Fiocchi AmmunitionFiocchi High Velocity 410 Gauge Bore Ammo 3"" 11/16 oz #9 Shot",$11.90,https://d3gxe0jmvtuxbc.cloudfront.net/images/Product/medium/58947.jpg
Kemen AmmunitionKemen Sport 410 Bore Ammo 2-1/2” 1/2oz #7.5 Shot,$10.99,https://d3gxe0jmvtuxbc.cloudfront.net/images/Product/medium/111830.jpg
"Lightfield AmmunitionLightfield Home Defender Less Lethal 410 Bore Ammo 2-1/2"" Rubber Buckshot 4 Pellets",$13.99,https://d3gxe0jmvtuxbc.cloudfront.net/images/Product/medium/112030.jpg
"Remington AmmunitionRemington  Express Extra Long Range 410 Bore Ammo 2-1/2"" 1/2 oz 7.5 Lead Shot",$24.99,https://d3gxe0jmvtuxbc.cloudfront.net/images/Product/medium/112416.jpg
"Remington AmmunitionRemington Express Long Range 410 Gauge Ammo  3"" 11/16oz #4 Shot",$24.99,https://d3gxe0jmvtuxbc.cloudfront.net/images/Product/medium/112915.jpg
"Remington AmmunitionRemington Express Long Range 410 Gauge Ammo  3"" 11/16oz #6 Shot",$22.99,https://d3gxe0jmvtuxbc.cloudfront.net/images/Product/medium/113055.jpg
"Remington AmmunitionRemington Express Long Range 410 Gauge Ammo  3"" 11/16oz #7.5 Shot",$24.99,https://d3gxe0jmvtuxbc.cloudfront.net/images/Product/medium/113176.jpg
"Remington AmmunitionRemington Express Slugger 410 Bore Ammo 2-1/2"" 1/5 oz Rifled Slug",$10.99,https://d3gxe0jmvtuxbc.cloudfront.net/images/Product/medium/2716.jpg
"Remington AmmunitionRemington Express XLR Extra Long Range 410 Bore Ammo 2-1/2"" 1/2 oz 6 Shot",$21.50,https://d3gxe0jmvtuxbc.cloudfront.net/images/Product/medium/113048.jpg
"Remington AmmunitionRemington Game Load 410 Bore Ammo 2-1/2"" 1/2 oz #6 Shot",$11.99,https://d3gxe0jmvtuxbc.cloudfront.net/images/Product/medium/112486.jpg
"Remington AmmunitionRemington Premier Nitro Sporting Clay 410 Gauge Ammo 2-1/2"" #8 Shot 1/2oz Case of 250",$120.00,https://d3gxe0jmvtuxbc.cloudfront.net/images/Product/medium/62336.jpg
"Remington AmmunitionRemington Premier TSS 410 Gauge Bore Ammo 3"" 13/16 oz"" #9 Shot",$29.99,https://d3gxe0jmvtuxbc.cloudfront.net/images/Product/medium/110121.jpg
"Remington AmmunitionRemington Ultimate Home Defense 410 Gauge Ammo 2-1/2"" 000 Buckshot 4 Pellets",$10.99,https://d3gxe0jmvtuxbc.cloudfront.net/images/Product/medium/2385.jpg
"Remington AmmunitionRemington Ultimate Home Defense 410 Gauge Ammo 3"" 000 Buckshot",$25.65,https://d3gxe0jmvtuxbc.cloudfront.net/images/Product/medium/76257.jpg
Remington AmmunitionRemington Ultimate Home Defense 45 Long Colt/ 410 Gauge Ammo Combo Pack,$22.49,https://d3gxe0jmvtuxbc.cloudfront.net/images/Product/medium/4291.jpg
"Rio AmmoRio Top Target 410 Gauge Ammo 2 1/2"" 1/2 oz #5 Shot 250 Rounds",$99.99,https://d3gxe0jmvtuxbc.cloudfront.net/images/Product/medium/110734.jpg
"Rio AmmoRio Top Target 410 Gauge Ammo 2 1/2"" 1/2 oz #8 Shot 250 Rounds",$149.99,https://d3gxe0jmvtuxbc.cloudfront.net/images/Product/medium/112287.jpg
"Sellier & Bellot AmmoSellier & Bellot .410 Bore Ammo 3"" 00 Buckshot 5 Pellets",$33.99,https://d3gxe0jmvtuxbc.cloudfront.net/images/Product/medium/112663.jpg
"Sellier & Bellot AmmoSellier & Bellot .410 Bore Ammo 3"" 15 Pellet 000 Buck BB Shot",$31.99,https://d3gxe0jmvtuxbc.cloudfront.net/images/Product/medium/112946.jpg
"Sellier & Bellot AmmoSellier & Bellot Self Defense .410 Bore Ammo 2-1/2"" 000 Buck 15 Pellet",$35.99,https://d3gxe0jmvtuxbc.cloudfront.net/images/Product/medium/112178.jpg
"Stars & Stripes AmmoStars and Stripes Target Loads 410 Gauge Ammo 2-1/2"" 1/2 oz #9 Shot",$23.99,https://d3gxe0jmvtuxbc.cloudfront.net/images/Product/medium/112341.jpg
"Winchester AmmunitionWinchester AA Target 410 Bore Ammo 2-1/2"" 1/2 oz #9 Shot",$16.99,https://d3gxe0jmvtuxbc.cloudfront.net/images/Product/medium/113116.jpg
"Winchester AmmunitionWinchester DoubleX 410 Gauge 3"" 3/4 oz #7.5 Shot Highe Velocity Turkey Load",$14.99,https://d3gxe0jmvtuxbc.cloudfront.net/images/Product/medium/111618.jpg
"Winchester AmmunitionWinchester PDX1 410 Gauge  2 1/2"" 3 Disks over 1/4 oz BB Bonded",$19.99,https://d3gxe0jmvtuxbc.cloudfront.net/images/Product/medium/1658.jpg
Winchester AmmunitionWinchester PDX1 45 Long Colt/ 410 Gauge Combo Pack,$28.95,https://d3gxe0jmvtuxbc.cloudfront.net/images/Product/medium/3088.jpg
"Winchester AmmunitionWinchester Super-X 410 Bore 2 1/2"" 1/2 oz #7.5 Shot 250 Rounds",$17.99,https://d3gxe0jmvtuxbc.cloudfront.net/images/Product/medium/111527.jpg
"Winchester AmmunitionWinchester Super-X 410 Bore 2-1/2"" 1/5 oz Rifled Slug",$7.99,https://d3gxe0jmvtuxbc.cloudfront.net/images/Product/medium/1448.jpg
"Winchester AmmunitionWinchester Super-X 410 Gauge 3"" 000 Buckshot 5 Pellets",$8.99,https://d3gxe0jmvtuxbc.cloudfront.net/images/Product/medium/4145.jpg
"Winchester AmmunitionWinchester Super-X 410 Gauge Ammo 3"" 1/4 oz Rifled Slug",$7.50,https://d3gxe0jmvtuxbc.cloudfront.net/images/Product/medium/1451.jpg
"Winchester AmmunitionWinchester Super-X High Brass 410 Bore 2-1/2"" 1/2 oz #4 Shot",$21.50,https://d3gxe0jmvtuxbc.cloudfront.net/images/Product/medium/112720.jpg
"Winchester AmmunitionWinchester Super-X High Brass 410 Bore 2-1/2"" 1/2 oz #6 Shot",$28.99,https://d3gxe0jmvtuxbc.cloudfront.net/images/Product/medium/110895.jpg
"Winchester AmmunitionWinchester Super-X High Brass 410 Gauge Ammo 3"" 11/16 oz 7.5 Shot",$21.99,https://d3gxe0jmvtuxbc.cloudfront.net/images/Product/medium/113168.jpg
"Winchester AmmunitionWinchester Supreme Elite Defender PDX1 410 Gauge Ammo 3"" 1/4 oz Bonded BB",$22.99,https://d3gxe0jmvtuxbc.cloudfront.net/images/Product/medium/3015.jpg
"Federal AmmunitionFederal Top Gun Lite 12 Gauge 2 3/4"" 1 1/8oz #7.5 Shot 250 Rounds",$99.00,https://d3gxe0jmvtuxbc.cloudfront.net/images/Product/medium/1930.jpg
"Winchester AmmunitionWinchester Super-X Game Load 12 Gauge Ammo 2-3/4"" 1 oz #7-1/2 Shot 250 Rounds",$99.00,https://d3gxe0jmvtuxbc.cloudfront.net/images/Product/medium/3427.jpg
"Federal AmmunitionFederal Top Gun Sporting 12 Gauge Ammo 2-3/4"" 1 oz #7.5 Shot 250 Round Case",$99.99,https://d3gxe0jmvtuxbc.cloudfront.net/images/Product/medium/113264.jpg
Stars & Stripes AmmoStars and Stripes Dove & Quail 12 Gauge Ammo 2 3/4'' 1 oz. #8 Shot,$10.50,https://d3gxe0jmvtuxbc.cloudfront.net/images/Product/medium/113255.jpg
Stars & Stripes AmmoStars and Stripes Dove & Quail 12 Gauge Ammo 2 3/4'' 1 oz. #7.5 Shot,$10.50,https://d3gxe0jmvtuxbc.cloudfront.net/images/Product/medium/113251.jpg
"Stars & Stripes AmmoStars and Stripes Pheasant 12 Gauge Ammo 2 3/4"" 1 1/4 oz #4 Shot",$11.99,https://d3gxe0jmvtuxbc.cloudfront.net/images/Product/medium/113252.jpg
"Winchester AmmunitionWinchester Trap and Sporting AA 12 Gauge Ammo  2 3/4"" 1 1/8 oz. #7 1/2 Shot 250 Round Case",$119.99,https://d3gxe0jmvtuxbc.cloudfront.net/images/Product/medium/112855.jpg
"Winchester AmmunitionWinchester AA Low Recoil Target 12 Gauge Ammo 2-3/4"" 7/8 oz #8 Shot 250 Rounds",$119.99,https://d3gxe0jmvtuxbc.cloudfront.net/images/Product/medium/111526.jpg
"Winchester AmmunitionWinchester Light Target Load AA 12 Gauge 2 3/4""-1 1/8oz. #9 Shot",$119.99,https://d3gxe0jmvtuxbc.cloudfront.net/images/Product/medium/112473.jpg
"Winchester AmmunitionWinchester AA Xtra-Lite 12 Gauge Ammo 2-3/4"" 1 oz #7.5 Lead Shot 250 Round Case",$119.99,https://d3gxe0jmvtuxbc.cloudfront.net/images/Product/medium/112631.jpg
"Winchester AmmunitionWinchester USA AA Super Sport 12 Gauge Ammo 2 3/4"" 1oz. #8 Lead Shot 250 Round Case",$119.99,https://d3gxe0jmvtuxbc.cloudfront.net/images/Product/medium/112984.jpg
"Winchester AmmunitionWinchester Heavy Target Load AA 12 Gauge 2 3/4""-1 1/8oz. #9 Shot 250 Rounds Case",$119.99,https://d3gxe0jmvtuxbc.cloudfront.net/images/Product/medium/112998.jpg
"Winchester AmmunitionWinchester AA Sporting Clays 12 Gauge Ammo 2-3/4"" 1 1/8 oz. #8 Shot",$119.99,https://d3gxe0jmvtuxbc.cloudfront.net/images/Product/medium/113223.jpg
"Winchester AmmunitionWinchester USA AA Xtra Light Target 12 Gauge Ammo 2-3/4"" 1 oz #9 Lead Shot 250 Round Case",$119.99,https://d3gxe0jmvtuxbc.cloudfront.net/images/Product/medium/113248.jpg
"Winchester AmmunitionWinchester USA AA Xtra-Lite 12 Gauge Ammo 2-3/4"" 1 oz. #8.5 Shot 250 Round Case",$119.99,https://d3gxe0jmvtuxbc.cloudfront.net/images/Product/medium/113249.jpg
"Stars & Stripes AmmoStars and Stripes Pheasant Loads 12 Gauge Ammo 2 3/4"" 1 1/4 oz #5 Shot",$11.99,https://d3gxe0jmvtuxbc.cloudfront.net/images/Product/medium/113250.jpg
"Winchester AmmunitionWinchester Limited Edition AA 12 Gauge Ammo 2 3/4""-1 1/8oz. #7.5 Shot AA Light Target Load 250 round case",$125.00,https://d3gxe0jmvtuxbc.cloudfront.net/images/Product/medium/1721.jpg
"Federal AmmunitionFederal Action Shotgun 12 Gauge Ammo 2-3/4"" 1-1/8oz. #7.5 Shot",$125.00,https://d3gxe0jmvtuxbc.cloudfront.net/images/Product/medium/113187.jpg
"ZSR AmmoZSR American Sniper Hunt 12 Gauge Ammo 2 3/4"" 1 1/8 oz. 00 Buckshot 9 Pellets",$6.50,https://d3gxe0jmvtuxbc.cloudfront.net/images/Product/medium/112662.jpg
"Stars & Stripes AmmoStars & Stripes 12 Gauge Ammo 2-3/4"" 9 Pellets #00 Buckshot",$7.25,https://d3gxe0jmvtuxbc.cloudfront.net/images/Product/medium/111822.jpg
"Aguila AmmunitionAguila High Velocity 12 Gauge Ammo 2-3/4"" 1 3/8 oz #0 Buckshot",$19.50,https://d3gxe0jmvtuxbc.cloudfront.net/images/Product/medium/112253.jpg
"Federal AmmunitionFederal Power-Shok 12 Gauge Ammo 2-3/4"" 00 Buckshot 9 Pellets",$4.50,https://d3gxe0jmvtuxbc.cloudfront.net/images/Product/medium/3169.jpg
"Federal AmmunitionFederal Power-Shok 12 Gauge Ammo 2-3/4"" 1oz. Hollow Point Slug",$4.50,https://d3gxe0jmvtuxbc.cloudfront.net/images/Product/medium/3471.jpg
"Winchester AmmunitionWinchester Super-X 12 Gauge 2-3/4"" 1 oz Rifled Slug",$5.50,https://d3gxe0jmvtuxbc.cloudfront.net/images/Product/medium/2471.jpg
"Brenneke USA AmmunitionBrenneke Orange Lightning 12 Gauge Ammo 2 3/4"" 2/3 oz 293 Grain Lead Free Sabot",$5.50,https://d3gxe0jmvtuxbc.cloudfront.net/images/Product/medium/113283.jpg
"Hornady AmmunitionHornady American Gunner 12 Gauge Ammo 2-3/4"" Reduced Recoil 00 Buckshot",$11.99,https://d3gxe0jmvtuxbc.cloudfront.net/images/Product/medium/62889.jpg
"Sellier & Bellot AmmoSellier & Bellot 12 Gauge Ammo 2-3/4"" 1 oz Special Sport Slug 250 Round Case",$299.99,https://d3gxe0jmvtuxbc.cloudfront.net/images/Product/medium/112527.jpg
"Brenneke USA AmmunitionBrenneke TOPAS 12 Gauge Ammo 2 3/4"" 309 Grain Rifled Sabot Lead Slug",$6.50,https://d3gxe0jmvtuxbc.cloudfront.net/images/Product/medium/109698.jpg
"Sellier & Bellot AmmoSellier & Bellot 12 Gauge Ammo 2-5/8"" 7.5mm Rubber Buckshot 15 Pellets 250 Rounds",$375.00,https://d3gxe0jmvtuxbc.cloudfront.net/images/Product/medium/111548.jpg
"Hornady AmmunitionHornady Heavy Magnum Coyote 12 Gauge Ammo 3"" 1-1/2 oz BB Nickel Plated Shot",$15.50,https://d3gxe0jmvtuxbc.cloudfront.net/images/Product/medium/111857.jpg
"Remington AmmunitionRemington 12 Gauge Ammo  2-3/4"" 1 oz. Rifled Slug",$7.99,https://d3gxe0jmvtuxbc.cloudfront.net/images/Product/medium/112945.jpg
"Sellier & Bellot AmmoSellier & Bellot 12 Gauge Ammo 2-5/8"" 15.0 mm 2 Rubber Spherical Balls 250 Round Case",$399.99,https://d3gxe0jmvtuxbc.cloudfront.net/images/Product/medium/111602.jpg
"Hornady AmmunitionHornady American Whitetail 12 Gauge 2-3/4"" Ammo  1 oz Rifled Slug",$8.75,https://d3gxe0jmvtuxbc.cloudfront.net/images/Product/medium/109183.jpg
"Brenneke USA AmmunitionBrenneke USA Green Lightning Heavy Field Short Magnum 12 Gauge Ammo 2 3/4"" 1 1/4 oz Lead Rifled Slug",$9.50,https://d3gxe0jmvtuxbc.cloudfront.net/images/Product/medium/2782.jpg
"Brenneke USA AmmunitionBrenneke USA Special Forces Short Magnum 12 Gauge Ammo 2-3/4"" 1-1/4 oz Lead Slug",$9.99,https://d3gxe0jmvtuxbc.cloudfront.net/images/Product/medium/1810.jpg
"Brenneke USA AmmunitionBrenneke USA Classic Magnum 12 Gauge Ammo 2-3/4"" 1-1/8 oz Lead Slug",$9.99,https://d3gxe0jmvtuxbc.cloudfront.net/images/Product/medium/110870.jpg
"Hornady AmmunitionHornady American Gunner 12 Gauge Ammo 2-3/4"" Reduced Recoil 1 oz Rifled Slug",$9.99,https://d3gxe0jmvtuxbc.cloudfront.net/images/Product/medium/111506.jpg
Brenneke USA AmmunitionBrenneke ATS 12 Gauge Ammo  2-3/4 1 oz Anti Terror Slug Shot,$10.50,https://d3gxe0jmvtuxbc.cloudfront.net/images/Product/medium/81785.jpg
"Winchester AmmunitionWinchester Bismuth Waterfowl 12 Gauge Ammo 3"" 1-3/8 Oz #4 Shot",$52.50,https://d3gxe0jmvtuxbc.cloudfront.net/images/Product/medium/112880.jpg
"Winchester AmmunitionWinchester Bismuth Waterfowl 12 Gauge 3"" 1 3/8oz. #1 Bismuth Shot",$54.99,https://d3gxe0jmvtuxbc.cloudfront.net/images/Product/medium/112638.jpg
Brenneke USA AmmunitionBrenneke USA Traditional 16 Gauge Ammo 2-1/2” 1 oz. Rifled Slug,$9.99,https://d3gxe0jmvtuxbc.cloudfront.net/images/Product/medium/27773.jpg
"Brenneke USA AmmunitionBrenneke USA Classic Magnum 16 Gauge Ammo 2-3/4"" 1 oz Lead Rifled Slug",$9.99,https://d3gxe0jmvtuxbc.cloudfront.net/images/Product/medium/110872.jpg
"Aguila AmmunitionAguila Field 16 Gauge Ammo 2-3/4"" 1oz. #7.5 Lead Shot",$11.50,https://d3gxe0jmvtuxbc.cloudfront.net/images/Product/medium/112957.jpg
"Aguila AmmunitionAguila Field 16 Gauge Ammo 2-3/4"" 1oz. #8 Lead Shot",$11.99,https://d3gxe0jmvtuxbc.cloudfront.net/images/Product/medium/112956.jpg
"Browning AmmunitionBrowning BPT Target 16 Gauge Ammo 2-3/4"" 1 oz. #8 Shot",$18.50,https://d3gxe0jmvtuxbc.cloudfront.net/images/Product/medium/112688.jpg
"Fiocchi AmmunitionFiocchi Game & Target 16 Gauge Ammo 2-3/4"" 1oz. #8 Shot",$8.99,https://d3gxe0jmvtuxbc.cloudfront.net/images/Product/medium/2988.jpg
"Fiocchi AmmunitionFiocchi Game & Target 16 Gauge Ammo 2-3/4"" 1oz. #9 Shot",$7.99,https://d3gxe0jmvtuxbc.cloudfront.net/images/Product/medium/2989.jpg
"Fiocchi AmmunitionFiocchi Game & Target Ammo 16 Gauge 2-3/4"" 1oz. #7-1/2 Shot",$9.99,https://d3gxe0jmvtuxbc.cloudfront.net/images/Product/medium/2987.jpg
"Fiocchi AmmunitionFiocchi High Velocity 16 Gauge 2-3/4"" 1-1/8 oz #6 Lead Shot Ammunition",$10.99,https://d3gxe0jmvtuxbc.cloudfront.net/images/Product/medium/3756.jpg
"Fiocchi AmmunitionFiocchi High Velocity 16 Gauge 2-3/4"" 1-1/8 oz #7.5 Lead Shot Ammunition",$10.99,https://d3gxe0jmvtuxbc.cloudfront.net/images/Product/medium/3759.jpg
"Fiocchi AmmunitionFiocchi High Velocity 16 Gauge 2-3/4"" 1-1/8 oz #8 Lead Shot Ammunition",$10.99,https://d3gxe0jmvtuxbc.cloudfront.net/images/Product/medium/3760.jpg
"Fiocchi AmmunitionFiocchi High Velocity 20 Gauge 2-3/4"" 1oz #5 Lead Shot Ammunition",$10.49,https://d3gxe0jmvtuxbc.cloudfront.net/images/Product/medium/3767.jpg
"GB Cartridges AmmoGB Caliber 16 Gauge Ammo 2 3/4"" #2 Shot 250 Rounds",$99.99,https://d3gxe0jmvtuxbc.cloudfront.net/images/Product/medium/111826.jpg
"GB Cartridges AmmoGB Caliber 16 Gauge Ammo 2 3/4"" #9 Shot 250 Rounds",$99.99,https://d3gxe0jmvtuxbc.cloudfront.net/images/Product/medium/111803.jpg
"Magtech AmmunitionMagtech Shotshells 16 Gauge Ammo 2-3/4"" 1oz. #7.5 Shot",$13.50,https://d3gxe0jmvtuxbc.cloudfront.net/images/Product/medium/112973.jpg
"Remington AmmunitionRemington Game Load 16 Gauge Ammo 2-3/4"" 1 oz #6 Shot Case of 250",$169.90,https://d3gxe0jmvtuxbc.cloudfront.net/images/Product/medium/112102.jpg
"Rio AmmoRio Game 16 Gauge Ammo 2 3/4""1 1/8 oz #6 Shot 250 Round Case",$129.99,https://d3gxe0jmvtuxbc.cloudfront.net/images/Product/medium/112368.jpg
"Rio AmmoRio Game 16 Gauge Ammo 2 3/4""1 1/8 oz #8 Shot 250 Round Case",$179.99,https://d3gxe0jmvtuxbc.cloudfront.net/images/Product/medium/111522.jpg
"Rio AmmoRIO Game Load 16 Gauge Ammo 2 3/4"" 3 dr 1 oz #7.5 Shot 250 Round Case",$154.99,https://d3gxe0jmvtuxbc.cloudfront.net/images/Product/medium/111440.jpg
"Rio AmmoRIO Game Load 16 Gauge Ammo 2-3/4"" 1 oz #6 Shot 250 Round Case",$149.90,https://d3gxe0jmvtuxbc.cloudfront.net/images/Product/medium/110733.jpg
"Rio AmmoRIO Game Load 16 Gauge Ammo 2-3/4"" 1 oz #8 Shot 250 Round Case",$119.99,https://d3gxe0jmvtuxbc.cloudfront.net/images/Product/medium/112369.jpg
"Winchester AmmunitionWinchester Super-X Game Load 16 Gauge Ammo 2-3/4"" 1 oz #6 Shot 250 Round Case",$149.99,https://d3gxe0jmvtuxbc.cloudfront.net/images/Product/medium/109654.jpg
"Winchester AmmunitionWinchester Super-X High Brass 16 Gauge Ammo 2-3/4"" 1-1/8 oz #7.5 Shot 250 Round Case",$149.99,https://d3gxe0jmvtuxbc.cloudfront.net/images/Product/medium/113174.jpg
"Federal AmmunitionFederal Power-Shok 20 Gauge Ammo 3"" Buffered #2 Buckshot 18 Pellets",$9.99,https://d3gxe0jmvtuxbc.cloudfront.net/images/Product/medium/111751.jpg
"Brenneke USA AmmunitionBrenneke Tactical Home Defense 20 Gauge Ammo 2-3/4"" 3/4 oz Shotgun Slug",$8.99,https://d3gxe0jmvtuxbc.cloudfront.net/images/Product/medium/110871.jpg
"Winchester AmmunitionWinchester Defender 20 Gauge Ammo 2 3/4"" 7/8 oz #2 Defensive Shot Load",$32.99,https://d3gxe0jmvtuxbc.cloudfront.net/images/Product/medium/112581.jpg
BIOAMMO AmmunitionBioAmmo Clay 20 Gauge 2-3/4” Ammo 1 oz #9 Lead Shot,$13.99,https://d3gxe0jmvtuxbc.cloudfront.net/images/Product/medium/113001.jpg
"Brenneke USA AmmunitionBrenneke USA Magnum 20 Gauge Ammo 3"" 1 oz Lead Silver Rifled Slug",$9.99,https://d3gxe0jmvtuxbc.cloudfront.net/images/Product/medium/112921.jpg
"Federal AmmunitionFederal Game Load HF 20 Gauge Ammo 2-3/4"" 1oz #8  250 Rounds",$119.99,https://d3gxe0jmvtuxbc.cloudfront.net/images/Product/medium/113129.jpg
"Stars & Stripes AmmoStars and Stripes Target Loads 20 Gauge Ammo 2 3/4"" 3/4 oz. Rifled Slug",$22.50,https://d3gxe0jmvtuxbc.cloudfront.net/images/Product/medium/112566.jpg
"Federal AmmunitionFederal Power-Shok 20 Gauge Ammo 2-3/4"" 7/8 oz. Sabot Slug",$8.99,https://d3gxe0jmvtuxbc.cloudfront.net/images/Product/medium/113245.jpg
"Federal AmmunitionFederal Top Gun 20 Gauge Ammo 2 3/4"" 7/8oz #9 Shot Target 250 Rounds",$99.99,https://d3gxe0jmvtuxbc.cloudfront.net/images/Product/medium/3417.jpg
"Hevi-Shot AmmunitionHevishot Hevi - Shot Hevi XII 20 Gauge Ammo 3"" 7/8 oz #6 Shot",$52.99,https://d3gxe0jmvtuxbc.cloudfront.net/images/Product/medium/112489.jpg
"Winchester AmmunitionWinchester Drylok Super Steel 20 Gauge Ammo 2-3/4"" 3/4 oz #4 Plated Steel Shot Case of 250",$269.99,https://d3gxe0jmvtuxbc.cloudfront.net/images/Product/medium/110399.jpg
"Brenneke USA AmmunitionBrenneke Green Lightning 20 Gauge Ammo 2-3/4"" 1 oz. Slug",$9.50,https://d3gxe0jmvtuxbc.cloudfront.net/images/Product/medium/112922.jpg
"Stars & Stripes AmmoStars and Stripes Dove & Quail 20 Gauge Ammo 2 3/4"" 1 oz #8 Shot",$10.50,https://d3gxe0jmvtuxbc.cloudfront.net/images/Product/medium/113253.jpg
"Winchester AmmunitionWinchester Super-X 20 Gauge Ammo 2 3/4"" #3 Buck 20 Pellets",$7.50,https://d3gxe0jmvtuxbc.cloudfront.net/images/Product/medium/108936.jpg
"Brenneke USA AmmunitionBrenneke USA 20 Gauge Ammo 2-3/4"" 3/4 oz Rifled Slug",$6.25,https://d3gxe0jmvtuxbc.cloudfront.net/images/Product/medium/111596.jpg
"Federal AmmunitionFederal Premium Vital-Shok 20 Gauge Ammo 2-3/4"" 275 Grain Trophy Copper Tipped Sabot Slug Lead-Free",$16.99,https://d3gxe0jmvtuxbc.cloudfront.net/images/Product/medium/110242.jpg
"Stars & Stripes AmmoStars and Stripes Pheasant Load 20 Gauge Ammo 2 3/4"" 1 oz. #5 Shot",$11.99,https://d3gxe0jmvtuxbc.cloudfront.net/images/Product/medium/113254.jpg
"Aguila AmmunitionAguila 20 Gauge Ammo 40 Grain 2 3/4"" 1 oz #2 Buckshot",$21.99,https://d3gxe0jmvtuxbc.cloudfront.net/images/Product/medium/111679.jpg
"Winchester AmmunitionWinchester AA Heavy Target 20 Gauge Ammo 2 3/4"" 1 oz. #7.5 Shot",$119.99,https://d3gxe0jmvtuxbc.cloudfront.net/images/Product/medium/113173.jpg
"Winchester AmmunitionWinchester AA Target Loads 20 Gauge Ammo 2 3/4"" 7/8oz. #9 Shot",$119.99,https://d3gxe0jmvtuxbc.cloudfront.net/images/Product/medium/112952.jpg
"Brenneke USA AmmunitionBrenneke TOPAS 20 Gauge Ammo 2 3/4"" 1/2 oz. 200 Grain Lead Free Sabot",$9.99,https://d3gxe0jmvtuxbc.cloudfront.net/images/Product/medium/113282.jpg
"Winchester AmmunitionWinchester Double X Magnum 20 Gauge 3"" 1 1/4 oz #5 Lead Shot 100 Round Case",$135.00,https://d3gxe0jmvtuxbc.cloudfront.net/images/Product/medium/112867.jpg
"Winchester AmmunitionWinchester Super-X 20 Gauge 2 3/4"" 1oz. #4 Shot 250 Round Case",$159.99,https://d3gxe0jmvtuxbc.cloudfront.net/images/Product/medium/111986.jpg
"Aguila AmmunitionAguila Competition Target 20 Gauge Ammo 2-3/4"" 7/8 oz #8 Shot",$9.99,https://d3gxe0jmvtuxbc.cloudfront.net/images/Product/medium/111997.jpg
"Barnes AmmunitionBarnes Defense 20 Gauge Ammo  2-3/4"" #3 Buckshot",$9.99,https://d3gxe0jmvtuxbc.cloudfront.net/images/Product/medium/113014.jpg
"Barnes AmmunitionBarnes Vor-Tx 20 Gauge 2-3/4"" Ammo Expander Tipped Slug",$11.99,https://d3gxe0jmvtuxbc.cloudfront.net/images/Product/medium/110207.jpg
"Barnes AmmunitionBarnes Vor-Tx 20 Gauge 3"" Ammo Expander Tipped Slug",$12.99,https://d3gxe0jmvtuxbc.cloudfront.net/images/Product/medium/110208.jpg
"Brenneke USA AmmunitionBrenneke USA Magnum 20 Gauge Ammo 3"" 1 oz Silver Rifled Slug",$8.29,https://d3gxe0jmvtuxbc.cloudfront.net/images/Product/medium/836.jpg
"Browning AmmunitionBrowning BXS Deer Slug  20 Gauge Ammo 2-3/4"" 3/4 oz Copper Sabot Slug Lead-Free",$13.99,https://d3gxe0jmvtuxbc.cloudfront.net/images/Product/medium/112485.jpg
"Browning AmmunitionBrowning TSS Tungsten 20 Gauge Ammo 3"" 1 1/2 oz 7 Shot",$39.99,https://d3gxe0jmvtuxbc.cloudfront.net/images/Product/medium/110060.jpg
"Browning AmmunitionBrowning TSS Tungsten 20 Gauge Ammo 3"" 1-1/2oz. #7&9",$28.19,https://d3gxe0jmvtuxbc.cloudfront.net/images/Product/medium/110061.jpg
Eley Sport AmmunitionEley VIP Game 20 Gauge Ammo 2 3/4 # 2 Shot Plastic Wad,$10.99,https://d3gxe0jmvtuxbc.cloudfront.net/images/Product/medium/111780.jpg
"Estate Cartridge AmmunitionEstate Cartridge Super Sport Competition 20 Gauge Ammo 2-3/4"" 7/8 oz #7.5 Shot Target Load 250 Rounds",$89.99,https://d3gxe0jmvtuxbc.cloudfront.net/images/Product/medium/111591.jpg
"Estate Cartridge AmmunitionEstate Super Sport 20 Gauge Ammo 2-3/4"" 7/8 oz #8 Shot Target Load 250 Rounds",$99.99,https://d3gxe0jmvtuxbc.cloudfront.net/images/Product/medium/112480.jpg
"Federal AmmunitionFederal Black Cloud 20 Gauge 3"" 1oz #2 Steel Shot Ammunition",$19.99,https://d3gxe0jmvtuxbc.cloudfront.net/images/Product/medium/3209.jpg
"Federal AmmunitionFederal Black Cloud 20 Gauge 3"" 1oz #4 Steel Shot Ammunition",$19.99,https://d3gxe0jmvtuxbc.cloudfront.net/images/Product/medium/3210.jpg
"Federal AmmunitionFederal Black Cloud 20 Gauge Ammo 3"" 1oz #2 Steel Shot",$265.20,https://d3gxe0jmvtuxbc.cloudfront.net/images/Product/medium/76571.jpg
"Federal AmmunitionFederal Black Cloud 20 Gauge Ammo 3"" 1oz #4 Steel Shot 250 Rounds",$249.99,https://d3gxe0jmvtuxbc.cloudfront.net/images/Product/medium/76572.jpg
"Federal AmmunitionFederal Black Cloud TSS 20 Gauge Ammo 3"" 1oz #3 & #9 Shot",$24.99,https://d3gxe0jmvtuxbc.cloudfront.net/images/Product/medium/110445.jpg
"Federal AmmunitionFederal Cartridge 3rd Degree Turkery 20 Gauge Ammo 3 Inch 1-3/8 oz Shot #5, 6, & 7 Multi-Shot",$21.99,https://d3gxe0jmvtuxbc.cloudfront.net/images/Product/medium/109105.jpg
"Federal AmmunitionFederal Fusion 20 Gauge Ammo 2 3/4"" 7/8oz. Sabot Slug",$14.99,https://d3gxe0jmvtuxbc.cloudfront.net/images/Product/medium/109190.jpg
"Federal AmmunitionFederal Fusion 20 Gauge Ammo 3"" 7/8oz. Sabot Slug",$8.99,https://d3gxe0jmvtuxbc.cloudfront.net/images/Product/medium/109189.jpg
"Federal AmmunitionFederal Game Load 20 Gauge Ammo 2 3/4"" 7/8oz #7.5 Shot Target 250 Rounds",$109.90,https://d3gxe0jmvtuxbc.cloudfront.net/images/Product/medium/110612.jpg
"Federal AmmunitionFederal Game Load 20 Gauge Ammo 2 3/4"" 7/8oz #8 Shot Target 250 Rounds",$95.00,https://d3gxe0jmvtuxbc.cloudfront.net/images/Product/medium/110260.jpg
"Federal AmmunitionFederal Game Load HB 20 Gauge Ammo 2-3/4"" 1oz #6 Shot 250 Rounds",$145.00,https://d3gxe0jmvtuxbc.cloudfront.net/images/Product/medium/113101.jpg
"Federal AmmunitionFederal Game Shok Upland Hi-Brass 20 Gauge Ammo 2-3/4"" 1oz. #7.5 Lead Shot",$14.99,https://d3gxe0jmvtuxbc.cloudfront.net/images/Product/medium/112478.jpg
"Federal AmmunitionFederal Game-Shok Game Load 20 Gauge Ammo 2-3/4"" 7/8 oz  #6 Shot 250 Rounds",$115.00,https://d3gxe0jmvtuxbc.cloudfront.net/images/Product/medium/111594.jpg
"Federal AmmunitionFederal Game-Shok Load 20 Gauge Ammo 2 3/4"" 1 oz. Shot #4 Lead 250 Round Case",$119.99,https://d3gxe0jmvtuxbc.cloudfront.net/images/Product/medium/112765.jpg
"Federal AmmunitionFederal Grand Slam Turkey 20 Gauge 3"" 1-5/16 oz 5 Shot Flightcontrol Flex Wad",$15.99,https://d3gxe0jmvtuxbc.cloudfront.net/images/Product/medium/108605.jpg
"Federal AmmunitionFederal HEAVYWEIGHT TSS Flightcontrol Flex 20 Gauge Ammo 3"" 1-5/8OZ #7,9",$31.18,https://d3gxe0jmvtuxbc.cloudfront.net/images/Product/medium/108615.jpg
"Federal AmmunitionFederal Power-Shok 20 Gauge Ammo 2-3/4"" 3 Buck 20 Pellets Buckshot",$7.99,https://d3gxe0jmvtuxbc.cloudfront.net/images/Product/medium/112011.jpg
"Federal AmmunitionFederal Power-Shok 20 Gauge Ammo 2-3/4"" 3/4 oz Hollow Point Rifled Slug",$5.99,https://d3gxe0jmvtuxbc.cloudfront.net/images/Product/medium/109758.jpg
"Federal AmmunitionFederal Premium 20 Gauge Ammo 3"" inch 5/8 oz Trophy Copper Sabot Slug",$17.99,https://d3gxe0jmvtuxbc.cloudfront.net/images/Product/medium/110934.jpg
"Federal AmmunitionFederal Premium 3rd Degree Turkey 20 Gauge Ammo 3"" 1-7/16 oz 5,6,7 Shot",$12.00,https://d3gxe0jmvtuxbc.cloudfront.net/images/Product/medium/108556.jpg
"Federal AmmunitionFederal Premium Bismuth 20 Gauge Ammo 3"" 1 1/8 oz #3 Shot Waterfowl and Upland","$45.59
",https://d3gxe0jmvtuxbc.cloudfront.net/images/Product/medium/110849.jpg
"Federal AmmunitionFederal Premium Bismuth 20 Gauge Ammo 3"" 1 1/8 oz #5 Shot Waterfowl and Upland","$45.59
",https://d3gxe0jmvtuxbc.cloudfront.net/images/Product/medium/110850.jpg
"Federal AmmunitionFederal Premium Bismuth 20 Gauge Ammo 3"" 1 3/8 oz #4 Shot Waterfowl and Upland","$45.59
",https://d3gxe0jmvtuxbc.cloudfront.net/images/Product/medium/110791.jpg
"Federal AmmunitionFederal Premium HEAVYWEIGHT TSS 20 Gauge Ammo 3"" 1 1/2oz, #7 Turkey Load",$34.99,https://d3gxe0jmvtuxbc.cloudfront.net/images/Product/medium/108526.jpg
"Federal AmmunitionFederal Premium HEAVYWEIGHT TSS 20 Gauge Ammo 3"" 1 1/2oz, #9 Turkey Load",$37.99,https://d3gxe0jmvtuxbc.cloudfront.net/images/Product/medium/108553.jpg
"Federal AmmunitionFederal Premium Mag-Shok 20 Gauge Ammo  3"" 1-5/16 oz #4 Copper Plated Shot",$6.99,https://d3gxe0jmvtuxbc.cloudfront.net/images/Product/medium/109100.jpg
"Federal AmmunitionFederal Premium Mag-Shok 20 Gauge Ammo  3"" 1-5/16 oz #5 Copper Plated Shot",$5.52,https://d3gxe0jmvtuxbc.cloudfront.net/images/Product/medium/109101.jpg
"Federal AmmunitionFederal Premium Mag-Shok 20 Gauge Ammo  3"" 1-5/16 oz #6 Copper Plated Shot",$5.52,https://d3gxe0jmvtuxbc.cloudfront.net/images/Product/medium/109102.jpg
"Federal AmmunitionFederal Premium Vital-Shok 20 Gauge Ammo 2-3/4"" Buffered #3 Copper Plated Buckshot 20 Pellets",$10.99,https://d3gxe0jmvtuxbc.cloudfront.net/images/Product/medium/111383.jpg
"Federal AmmunitionFederal Premium Wing-Shok Upland 20 Gauge Ammo 2-3/4"" 1 oz. #6 Lead Shot",$22.99,https://d3gxe0jmvtuxbc.cloudfront.net/images/Product/medium/111996.jpg
"Federal AmmunitionFederal Speed-Shok 20 Gauge Ammo 2-3/4"" 3/4 oz #6 Steel 250 Rounds",$135.00,https://d3gxe0jmvtuxbc.cloudfront.net/images/Product/medium/112376.jpg
"Federal AmmunitionFederal Speed-Shok 20 Gauge Ammo 2-3/4"" 3/4 oz #7 Steel 250 Rounds",$99.90,https://d3gxe0jmvtuxbc.cloudfront.net/images/Product/medium/111665.jpg
"Federal AmmunitionFederal Speed-Shok Waterfowl Steel 20 Gauge Ammo 3"" 7/8 oz #1 Steel 250 Rounds",$192.99,https://d3gxe0jmvtuxbc.cloudfront.net/images/Product/medium/112536.jpg
"Federal AmmunitionFederal Speed-Shok Waterfowl Steel 20 Gauge Ammo 3"" 7/8 oz #2 Steel 250 Rounds",$192.99,https://d3gxe0jmvtuxbc.cloudfront.net/images/Product/medium/112535.jpg
"Federal AmmunitionFederal Top Gun 20 Gauge Ammo 2 3/4"" 7/8oz #7.5 Shot Target Load 250 Rounds",$99.99,https://d3gxe0jmvtuxbc.cloudfront.net/images/Product/medium/112667.jpg
"Federal AmmunitionFederal Top Gun 20 Gauge Ammo 2 3/4"" 7/8oz #8 Shot Target 250 Rounds",$99.99,https://d3gxe0jmvtuxbc.cloudfront.net/images/Product/medium/3416.jpg
"Federal AmmunitionFederal Ultra Heavy Clay & Field 20 Gauge Ammo 2 3/4""7/8 oz.#8 Shot",$4.89,https://d3gxe0jmvtuxbc.cloudfront.net/images/Product/medium/108500.jpg
"Federal AmmunitionFederal Vital Shok 20 Gauge 3"" 5/8 oz Barnes Expander Tipped Sabot Slug Lead-Free Ammunition",$14.99,https://d3gxe0jmvtuxbc.cloudfront.net/images/Product/medium/2709.jpg
"Fiocchi AmmunitionFiocchi Dove & Target 20 Gauge 2-3/4"" 7/8oz. #8 Shot",$7.50,https://d3gxe0jmvtuxbc.cloudfront.net/images/Product/medium/2992.jpg
"Fiocchi AmmunitionFiocchi Dove & Target 20 Gauge 2-3/4"" 7/8oz. #9 Shot Ammunition",$6.99,https://d3gxe0jmvtuxbc.cloudfront.net/images/Product/medium/2993.jpg
"Fiocchi AmmunitionFiocchi Dove and Quail 20 Gauge Ammo 2-3/4"" 7/8 oz #7 Non-Toxic Steel Shot 250 Round Case",$129.99,https://d3gxe0jmvtuxbc.cloudfront.net/images/Product/medium/111634.jpg
"Fiocchi AmmunitionFiocchi Game & Target 20 Gauge 2-3/4"" 7/8oz. #7-1/2 Shot",$10.50,https://d3gxe0jmvtuxbc.cloudfront.net/images/Product/medium/2991.jpg
"Fiocchi AmmunitionFiocchi High Velocity 20 Gauge 2-3/4"" 1oz #5 Lead Shot Ammunition",$10.49,https://d3gxe0jmvtuxbc.cloudfront.net/images/Product/medium/3767.jpg
"Fiocchi AmmunitionFiocchi High Velocity 20 Gauge 2-3/4"" 1oz #7.5 Lead Shot Ammunition",$10.49,https://d3gxe0jmvtuxbc.cloudfront.net/images/Product/medium/3772.jpg
"Fiocchi AmmunitionFiocchi High Velocity 20 Gauge 2-3/4"" 1oz #8 Lead Shot Ammunition",$10.49,https://d3gxe0jmvtuxbc.cloudfront.net/images/Product/medium/3773.jpg
"Fiocchi AmmunitionFiocchi High Velocity 20 Gauge 2-3/4"" 1oz #9 Lead Shot Ammunition",$10.49,https://d3gxe0jmvtuxbc.cloudfront.net/images/Product/medium/3774.jpg
"Fiocchi AmmunitionFiocchi High Velocity 20 Gauge 2-3/4"" 1oz. #7.5 Shot 250 Round Case",$105.99,https://d3gxe0jmvtuxbc.cloudfront.net/images/Product/medium/111610.jpg
"Fiocchi AmmunitionFiocchi High Velocity 20 Gauge Ammo 2-3/4"" 1oz #6 Lead Shot",$10.49,https://d3gxe0jmvtuxbc.cloudfront.net/images/Product/medium/3770.jpg
"Fiocchi AmmunitionFiocchi Shooting Dynamics 20 Gauge 2-3/4"" 7/8oz. #7.5 Shot 250 Round Case",$9.99,https://d3gxe0jmvtuxbc.cloudfront.net/images/Product/medium/111438.jpg
"Fiocchi AmmunitionFiocchi Shooting Dynamics 20 Gauge 2-3/4"" 7/8oz. #8 Shot 250 Round Case",$9.99,https://d3gxe0jmvtuxbc.cloudfront.net/images/Product/medium/111471.jpg
"Fiocchi AmmunitionFiocchi Steel Target 20 Gauge 2-3/4"" 7/8oz. #7 Steel Shot Ammunition",$8.25,https://d3gxe0jmvtuxbc.cloudfront.net/images/Product/medium/3007.jpg
"GB Cartridges AmmoGB Load 28 20 Gauge Ammo 2 3/4"" #7 Shot 250 Rounds",$99.99,https://d3gxe0jmvtuxbc.cloudfront.net/images/Product/medium/111800.jpg
"Hevi-Shot AmmunitionHevi-Shot Hevi Bismuth Waterfowl 20 Gauge Ammo 3"" 1-1/8 oz #4 Shot","$47.99
",https://d3gxe0jmvtuxbc.cloudfront.net/images/Product/medium/112345.jpg
"Hevi-Shot AmmunitionHevi-Shot Hevi-Metal Longer Range 20 Gauge Ammo 3"" 1 oz #2 Non-Toxic",$34.99,https://d3gxe0jmvtuxbc.cloudfront.net/images/Product/medium/112379.jpg
"Hevi-Shot AmmunitionHevi-Shot Hevi-X Waterfowl Shotshells 20 Gauge Ammo 3"" 1oz Tungsten Lead Free #2 Shot",$39.99,https://d3gxe0jmvtuxbc.cloudfront.net/images/Product/medium/109867.jpg
"Hevi-Shot AmmunitionHevishot Speed Ball Waterfowl 20 Gauge Ammo 3"" 1oz #3 Shot",$15.99,https://d3gxe0jmvtuxbc.cloudfront.net/images/Product/medium/109880.jpg
"Hevi-Shot AmmunitionHevishot Speed Ball Waterfowl 20 Gauge Ammo 3"" 1oz #5 Shot",$24.99,https://d3gxe0jmvtuxbc.cloudfront.net/images/Product/medium/109874.jpg
"Hornady AmmunitionHornady Custom Lite 20 Gauge Ammo 2-3/4"" 250 Grain FTX Custom Lite",$9.99,https://d3gxe0jmvtuxbc.cloudfront.net/images/Product/medium/110127.jpg
"Hornady AmmunitionHornady SST 20 Gauge Ammo 2-3/4"" 250 Grain FTX Sabot Slug",$13.99,https://d3gxe0jmvtuxbc.cloudfront.net/images/Product/medium/109374.jpg
"Hornady AmmunitionHornady Superformance 20 Gauge Ammo 2-3/4"" 250 Grain MonoFlex Sabot Slug Lead-Free",$9.99,https://d3gxe0jmvtuxbc.cloudfront.net/images/Product/medium/109845.jpg
"Kent CartridgeKent Cartridge Upland Fasteel 12 Gauge Ammo 2-3/4"" 1-1/8 oz #5 Precision Steel Shot 250 Round Case",$169.90,https://d3gxe0jmvtuxbc.cloudfront.net/images/Product/medium/111749.jpg
"Kent CartridgeKent Cartridge Upland Fasteel 12 Gauge Ammo 2-3/4"" 1-1/8 oz #7 Precision Steel Shot",$169.90,https://d3gxe0jmvtuxbc.cloudfront.net/images/Product/medium/111737.jpg
"Kent CartridgeKent Upland Fast 20 Gauge Ammo 2 3/4"" 7/8oz #7 Lead Shot",$169.90,https://d3gxe0jmvtuxbc.cloudfront.net/images/Product/medium/111735.jpg
"Lightfield AmmunitionLightfield Home Defender Less Lethal 20 Gauge 2-3/4"" Double Rubber Balls",$12.99,https://d3gxe0jmvtuxbc.cloudfront.net/images/Product/medium/112028.jpg
"Lightfield AmmunitionLightfield Hybred EXP 20 Gauge 2-3/4"" 1 1/4 oz Sabot Slug Ammunition",$13.99,https://d3gxe0jmvtuxbc.cloudfront.net/images/Product/medium/2783.jpg
"Winchester AmmunitionWinchester AA Sporting Clays 28 Gauge Ammo 2 3/4"" 3/4oz. #8 Shot 250 Round Case",$145.00,https://d3gxe0jmvtuxbc.cloudfront.net/images/Product/medium/112953.jpg
"Winchester AmmunitionWinchester AA Target Loads 28 Gauge Ammo 2 3/4"" 3/4oz. #9 Shot 250 Round Case",$149.99,https://d3gxe0jmvtuxbc.cloudfront.net/images/Product/medium/111985.jpg
"Federal AmmunitionFederal Top Gun Sporting 28 Gauge Ammo 2-3/4"" 3/4 oz #7.5 Shot 250 Round Case",$149.99,https://d3gxe0jmvtuxbc.cloudfront.net/images/Product/medium/112493.jpg
"Federal AmmunitionFederal Top Gun Sporting 28 Gauge Ammo 2-3/4"" 3/4 oz #8 Shot 250 Round Case",$149.99,https://d3gxe0jmvtuxbc.cloudfront.net/images/Product/medium/112634.jpg
"Winchester AmmunitionWinchester AA Target Loads 28 Gauge Ammo 2 3/4"" 3/4oz. #8 Shot 250 Round Case",$149.99,https://d3gxe0jmvtuxbc.cloudfront.net/images/Product/medium/112892.jpg
"Winchester AmmunitionWinchester AA Sporting Clays 28 Gauge Ammo 2 3/4"" 3/4oz. #7.5 Shot 250 Round Case",$149.90,https://d3gxe0jmvtuxbc.cloudfront.net/images/Product/medium/112910.jpg
"Stars & Stripes AmmoStars and Stripes Target Loads 28 Gauge Ammo 2-3/4"" 3/4 oz #9 Shot",$15.50,https://d3gxe0jmvtuxbc.cloudfront.net/images/Product/medium/113154.jpg
"Fiocchi AmmunitionFiocchi Premium Target Ammo 28 Gauge 2-3/4"" 3/4oz. #9 Shot",$8.99,https://d3gxe0jmvtuxbc.cloudfront.net/images/Product/medium/3043.jpg
"Fiocchi AmmunitionFiocchi Exacta VIP Heavy 28 Gauge Ammo 2-3/4"" 3/4oz. #8 Shot 250 Rounds",$99.99,https://d3gxe0jmvtuxbc.cloudfront.net/images/Product/medium/110703.jpg
"Rio AmmoRio Top Target 28 Gauge Ammo 2-3/4""  3/4 oz #9 Lead Shot 250 Rounds",$99.99,https://d3gxe0jmvtuxbc.cloudfront.net/images/Product/medium/111521.jpg
"Fiocchi AmmunitionFiocchi High Velocity 28 Gauge 2-3/4"" 3/4oz #6 Lead Shot Ammunition",$10.49,https://d3gxe0jmvtuxbc.cloudfront.net/images/Product/medium/3775.jpg
"Fiocchi AmmunitionFiocchi High Velocity 28 Gauge 2-3/4"" 3/4oz #7.5 Lead Shot Ammunition",$10.49,https://d3gxe0jmvtuxbc.cloudfront.net/images/Product/medium/3778.jpg
"Fiocchi AmmunitionFiocchi High Velocity 28 Gauge 2-3/4"" 3/4oz #8 Lead Shot Ammunition",$10.49,https://d3gxe0jmvtuxbc.cloudfront.net/images/Product/medium/3780.jpg
"Fiocchi AmmunitionFiocchi High Velocity 28 Gauge 2-3/4"" 3/4oz #9 Lead Shot Ammunition",$10.49,https://d3gxe0jmvtuxbc.cloudfront.net/images/Product/medium/3784.jpg
"Rio AmmoRio Heavy Field Ammo 28 Gauge 2-3/4"" 1oz #7.5 Shot",$10.99,https://d3gxe0jmvtuxbc.cloudfront.net/images/Product/medium/110894.jpg
"Fiocchi AmmunitionFiocchi Exacta VIP Heavy 28 Gauge Ammo 2-3/4"" 3/4oz. #7.5 Lead Shot 250 Rounds",$111.99,https://d3gxe0jmvtuxbc.cloudfront.net/images/Product/medium/111635.jpg
"Fiocchi AmmunitionFiocchi Game & Target Ammo 28 Gauge 2-3/4"" 3/4oz. #8 Shot",$11.99,https://d3gxe0jmvtuxbc.cloudfront.net/images/Product/medium/2995.jpg
"Federal AmmunitionFederal Top Gun 28 Gauge Ammo 2-3/4"" 3/4 oz #9 Shot 250 Round Case",$129.90,https://d3gxe0jmvtuxbc.cloudfront.net/images/Product/medium/112672.jpg
"Rio AmmoRio Heavy Field Ammo 28 Gauge 2-3/4"" 1oz #5 Shot",$12.99,https://d3gxe0jmvtuxbc.cloudfront.net/images/Product/medium/112286.jpg
"Browning AmmunitionBrowning BPT Target Ammo 28 Gauge 2-3/4"" 3/4oz. #7.5 Shot",$13.50,https://d3gxe0jmvtuxbc.cloudfront.net/images/Product/medium/109307.jpg
"Fiocchi AmmunitionFiocchi Premium Target 28 Gauge Ammo 2-3/4"" 3/4oz. #8 Shot",$14.99,https://d3gxe0jmvtuxbc.cloudfront.net/images/Product/medium/3042.jpg
"Remington AmmunitionRemington Express 28 Gauge Ammo 2-3/4"" 3/4 oz #7.5 Shot",$15.99,https://d3gxe0jmvtuxbc.cloudfront.net/images/Product/medium/110406.jpg
"Winchester AmmunitionWinchester Super-X High Brass 28 Gauge Ammo 2-3/4"" 3/4 oz #5 Shot",$15.99,https://d3gxe0jmvtuxbc.cloudfront.net/images/Product/medium/112583.jpg
"Winchester AmmunitionWinchester Super-X High Brass 28 Gauge Ammo 2-3/4"" 3/4 oz #6 Shot",$15.99,https://d3gxe0jmvtuxbc.cloudfront.net/images/Product/medium/112633.jpg
"Winchester AmmunitionWinchester Super X Xpert HV 28 Gauge Ammo 2-3/4"" 5/8 oz #6 Shot",$18.99,https://d3gxe0jmvtuxbc.cloudfront.net/images/Product/medium/112772.jpg
"Winchester AmmunitionWinchester Super X 28 Gauge Ammo 2-3/4"" 5/8 oz #7 High Velocity Steel Shot",$18.99,https://d3gxe0jmvtuxbc.cloudfront.net/images/Product/medium/111754.jpg
"Winchester AmmunitionWinchester Super X  HB 28 Gauge Ammo 2-3/4"" 1 oz #7 1/2 Shot",$19.50,https://d3gxe0jmvtuxbc.cloudfront.net/images/Product/medium/112857.jpg
"Winchester AmmunitionWinchester Super-X High Brass 28 Gauge Ammo 2-3/4"" 1 oz #5 Shot",$19.50,https://d3gxe0jmvtuxbc.cloudfront.net/images/Product/medium/112689.jpg
"Winchester AmmunitionWinchester Super-X High Brass 28 Gauge Ammo 2-3/4"" 1 oz #6 Shot",$19.99,https://d3gxe0jmvtuxbc.cloudfront.net/images/Product/medium/112702.jpg
"Federal AmmunitionFederal Game Shok Upland Hi-Brass Load 28 Gauge Ammo 2-3/4"" #5 Lead Shot 1oz",$19.99,https://d3gxe0jmvtuxbc.cloudfront.net/images/Product/medium/112163.jpg
"Federal AmmunitionFederal Black Cloud 28 Gauge Ammo 3"" 3/4 oz #3 Steel Shot 250 Rounds",$285.00,https://d3gxe0jmvtuxbc.cloudfront.net/images/Product/medium/112889.jpg
"Federal AmmunitionFederal Black Cloud 28 Gauge Ammo 3"" 3/4 oz #4 Steel Shot 250 Rounds",$285.00,https://d3gxe0jmvtuxbc.cloudfront.net/images/Product/medium/112890.jpg
"Brenneke USA AmmunitionBrenneke USA 28 Gauge Ammo 2-3/4"" 5/8 oz Shotgun Slug",$10.99,https://d3gxe0jmvtuxbc.cloudfront.net/images/Product/medium/113083.jpg
"Federal AmmunitionFederal Game-Shok 24 Gauge Ammo 2-1/2"" 11/16 oz #8 Shot 250 Round Case",$249.90,https://d3gxe0jmvtuxbc.cloudfront.net/images/Product/medium/111671.jpg
"Federal AmmunitionFederal Game-Shok Heavy Field Load 32 Gauge Ammo 2-1/2"" 1/2 oz #8 Shot",$11.99,https://d3gxe0jmvtuxbc.cloudfront.net/images/Product/medium/112014.jpg
"Federal AmmunitionFederal Speed Shok Waterfowl 10 Gauge Ammo 3 1/2"" 1-1/2 oz #2 Steel Shot 250 Rounds",$349.90,https://d3gxe0jmvtuxbc.cloudfront.net/images/Product/medium/112767.jpg
"Winchester AmmunitionWinchester Drylock 10 Gauge Ammo 3.5"" 1-3/8oz BBB Steel Shot",$38.99,https://d3gxe0jmvtuxbc.cloudfront.net/images/Product/medium/113150.jpg
"Federal AmmunitionFederal Speed Shok Waterfowl 10 Gauge Ammo 3 1/2"" 1-1/2 oz Non-Toxic T Steel Shot 250 Rounds",$349.90,https://d3gxe0jmvtuxbc.cloudfront.net/images/Product/medium/112768.jpg
"Winchester AmmunitionWinchester Drylock 10 Gauge Ammo 3.5"" 1-3/8oz BB Steel Shot",$38.99,https://d3gxe0jmvtuxbc.cloudfront.net/images/Product/medium/110428.jpg
"Federal AmmunitionFederal Power-Shok 10 Gauge Ammo 3-1/2"" 1-3/4 oz. Rifle Slug",$13.99,https://d3gxe0jmvtuxbc.cloudfront.net/images/Product/medium/112542.jpg
"Federal AmmunitionFederal Speed Shok Waterfowl 10 Gauge Ammo 3 1/2"" 1-1/2 oz BBB Steel Shot",$349.90,https://d3gxe0jmvtuxbc.cloudfront.net/images/Product/medium/112766.jpg
"Winchester AmmunitionWinchester Drylok 10 Gauge Ammo 3 1/2"" 1 5/8oz. BBB Shot",$36.99,https://d3gxe0jmvtuxbc.cloudfront.net/images/Product/medium/109227.jpg
"Federal AmmunitionFederal Black Cloud 10 Gauge Ammo 3 1/2"" 1-5/8oz #2 Steel Shot",$26.99,https://d3gxe0jmvtuxbc.cloudfront.net/images/Product/medium/3207.jpg
"Federal AmmunitionFederal Black Cloud 10 Gauge Ammo 3 1/2"" 1-5/8oz #BB Steel Shot",$26.99,https://d3gxe0jmvtuxbc.cloudfront.net/images/Product/medium/3208.jpg
"Federal AmmunitionFederal Black Cloud 10 Gauge Ammo 3-1/2"" 1-5/8 oz #2 Steel Shot",$259.90,https://d3gxe0jmvtuxbc.cloudfront.net/images/Product/medium/76556.jpg
"Federal AmmunitionFederal Black Cloud 10 Gauge Ammo 3-1/2"" 1-5/8 oz BB Steel Shot",$288.00,https://d3gxe0jmvtuxbc.cloudfront.net/images/Product/medium/76557.jpg
"Federal AmmunitionFederal Grand Slam Turkey 10 Gauge 3.5"" 2 oz #4 Shot Flightcontrol Flex Wad",$19.99,https://d3gxe0jmvtuxbc.cloudfront.net/images/Product/medium/108587.jpg
"Remington AmmunitionRemington Premier Magnum Turkey 10 Gauge 3 1/2"" 2 1/4oz #4 Shot",$9.99,https://d3gxe0jmvtuxbc.cloudfront.net/images/Product/medium/3736.jpg
